id,update_time,description,commit_hexsha
"20240331152704","March 31, at  2:00 p.m Source : Console provinciale des urgences (CPU), MSSS","Hospital data update","3aac8f1398bdd59e4a0a658d1aa6c1bc6d959070"
"20240331153649","March 31, at  2:00 p.m Source : Console provinciale des urgences (CPU), MSSS","Hospital data update","6d1171c443fa5547f3624a5999091eb4973c1aab"
"20240331185058","March 31, at  2:00 p.m Source : Console provinciale des urgences (CPU), MSSS","Hospital data update","None"
"20240331185146","March 31, at  2:00 p.m Source : Console provinciale des urgences (CPU), MSSS","Hospital data update","None"
"20240331190217","March 31, at  2:00 p.m Source : Console provinciale des urgences (CPU), MSSS","Hospital data update","None"
"20240331190909","March 31, at  2:00 p.m Source : Console provinciale des urgences (CPU), MSSS","Hospital data update","None"
"20240331191159","March 31, at  2:00 p.m Source : Console provinciale des urgences (CPU), MSSS","Hospital data update","None"
"20240331191349","March 31, at  2:00 p.m Source : Console provinciale des urgences (CPU), MSSS","Hospital data update","None"
"20240331192144","March 31, at  2:00 p.m Source : Console provinciale des urgences (CPU), MSSS","Hospital data update","None"
"20240331192735","March 31, at  2:00 p.m Source : Console provinciale des urgences (CPU), MSSS","Hospital data update","66bea1cd0ce316f0f5602ec04bc15dbf23575b72"
"20240331193715","March 31, at  2:00 p.m Source : Console provinciale des urgences (CPU), MSSS","Hospital data update","daa6d7ee6bb5556d76797055cf1f6fec784cd468"
